{
  "num_leaves": 188,
  "learning_rate": 0.012113856560904083,
  "min_child_samples": 75,
  "feature_fraction": 0.4680636322597132,
  "bagging_fraction": 0.74063675148044,
  "lambda_l1": 0.008981094008616934,
  "lambda_l2": 0.012419441459876971,
  "max_bin": 219
}